{"file_hashes":[{"block_hashes":["2VmFbiy+9NYEMZE6tyID96PpPknHO+pgfY26G+cigEo="],"block_size":4096,"path":"contentScript.js"},{"block_hashes":["HuZt6HNKBN+t1UNhN1L8RD3jDjIZDOhW3LEMpHNfQOs="],"block_size":4096,"path":"favicon.ico"},{"block_hashes":["yF5ZkaQrWkuy5pCiwOkFS7gmQYIljt6DaX+nK2hlQXs="],"block_size":4096,"path":"images/icons/copy.png"},{"block_hashes":["vZbk/twp+rD2sFxbzEopvlr0doB0UMqngn+anUa3fWE="],"block_size":4096,"path":"index.html"},{"block_hashes":["tozAy4RtZTzGEZ7gwToE8pbgXmoilQpydIvFuaYp9DU=","BZA+cNg7Dc9Zpk+eGk6oZzCu6Q4DEnX1fONttzqpMS0="],"block_size":4096,"path":"static/css/main.css"},{"block_hashes":["vfdZOt6Z6AsJT9VdPxLy14dXn7AGpRbGdrFffykoFBI="],"block_size":4096,"path":"static/js/background.js"},{"block_hashes":["2VmFbiy+9NYEMZE6tyID96PpPknHO+pgfY26G+cigEo="],"block_size":4096,"path":"static/js/contentScript.js"},{"block_hashes":["b28ConfFMu2oWG3ZgizSKSRJ5FTGRI1wQ40Oh1YKn/c=","bSz7Ag0IlPWcDojXIfnmWQVOoAmEkQNib/qqfr4pTUE=","namII19yXonMYlnzz0KjNyjfNPRQTD1TX47prnqC1lA=","AK7wQrRL6oj/9EhUdaZDFnyBIkA3EGeObsgM6926oF4=","Ambvq2YTs7Z9qxUM3IGimSi2RuPcmr09mDhgbVeQEuM=","aYgIt1a82XTD/WTi3jqIzPHK8jmVqxhpipS5S/E9A+E=","mjwdp4FX0y6ATTwQmc0rR0zxexRif5xAnBBAJalJwYU=","waHE1rdOEI06q+rBR2fFwUOXz5a27fXLvkXW29/qnvE=","eI6ZCJuX2OlMkMg3zilTkEBt9wbNOJZmJpTIbk1awTQ=","fS9D0AGtYF2fp7Dd4j0/5WoKZjEYRX7MCzxVVCPAi4Y=","pmUGjAsbM4Dz2KN5eTIegjvWWU8HW54O+931fTa38n4=","TVmTzZ/IhRdreATBRbG8KDSKjxRmAGFzIx2t4lMMxG8=","Gzyte8LVMEitgtNnDo1h6GeOKtIAjTgi3ciqsXBp228=","R245m+l4H+NH1tRvl4VamXJKw05+SJqMKLdN+hLCog4=","+40BYe6C2holxHymxO8QytOKeqtLvm2naJ8+LzFc4kQ=","mdsMaeqjBqGdPw5/F3znmR9THbFNbguGFz7aZV5tXj4=","nA40sdpYkkt+kFt61IQdMGuQ1pXKCvoVfyT5sAlS02g=","SV1q3wKIXVX8hi0/SICEFFFbrw5zfXfnemFLTAhmQnQ=","SNH3PVFuVnP6BQMOx8Wry32ifLS38p0DQo1ca5fmkCk=","yjs+nVrycy8Pa57Ggp3LGLCTfRi5IqGtahPUgC36UkU=","Cw1PSPooUUIFfnXCGVnjFRmFTvth84teI4i/NncNb2w=","QqCNry4rKNIMAd53k4L7NQFDZBSuwytkq+XjA0mC10Y=","5Xc9cL4qtwxkbORhq0+D49DErd2bIBwcmdv2sNk//Rc=","Wlsb9uRU/Kt83nQojozgHLg5Sbd599E8cIqEcMyiJdU=","JGyME92datNyh5ME6UE4W7eWhA8NUE/w5MKL4G0Ae8c=","QxFkz9Kgou187088T8WtT1PoIRao1rlDjrQa+N26G+s=","zB99KTtvmFuPrKJdQAO0DbOE/TAtMh99WSkYpPhNE2o=","64nd7US5yAcFRKTV+lapcWH6+JN7zR1UmFH1n6I3zEY=","eh7aMqtxUYq1CEhyAOBtUw3D63eXTlZlhSY8G345C1M=","68RQGXFZH8JCWsSZ3ns6Vzvem5ywtUbsqc7rPLDLHPU=","jNickktrXW0Zx8zwP4RTcvE+EacgBA3etR4lBQkeTSo=","8m1aCSDbUbcux1FvCXE7XuS+BW1VBJPdKEJSb6RlZRE=","MQGeSnIxbv30F80ZEbFHxXjs5uQ6g046U6g+iu8oboM=","bf60XMNqNhPTcqJFnlXT7Y9/t7eMmauliALjhPbTisk=","vYJUOPDKqLsn8fIckGlFgGJ9+0V3iPgHEQxmCc9NSC4=","NE+cK2LPAx0b71bZW9tFJPUccTPqV9SkxJYdEXmEXCU=","feyXWa0PPDYgSeX3JozUDbkgH6w6xbWZrdmnty3cHmc=","tdzPO6iu9NltAhJlcuUFj5MJ6HJVD9nIt3aka6urkos=","lCGZ9Y+T7EnxcUSX5Lp5q+/zzCRJ+qjO18yXfhEGXSs=","CCxJsknVNbAMOT71i0p5mPQGfDUK9rx4DtCmR/SZy1Y=","jGJYj0A/dnVCARSnPNWQEsmDmYk6MQZ0v8lDeQ8gTpg=","cQKhmveaycwqHkb7HVCkURs7jg6E7rIElhF8tqLk/KA=","3Ut/WJV+1IpFHBb/TSBTbD8tjLFpUTFVWtDg7J5/Wlc=","0thtV5wc94AKaMyCJ5sMSva8++AGt1bJoTliOCN7iIQ=","OVZjK+5PgAwNidtWpix58SFC/AZzRuzvwiDyzHz/dts=","tKM8ew+VSFJv33NgaJCWDYAGr71QSmR6A9BsNt7RB+Q=","/OFTr1pnoBUrYY1fiXaut2nutvnMkmxA1hAx2ByCwxQ=","LAMSEcBGT64/94bVEB5jCuEgGbVAqjhtT7yXgNIv+1o=","RPnVi6q6HQBKXOA6AeFT37GvH6lq+L7Kv2sjg7TUPoU=","7niezKxP2URkoSV3kFRJdyxHxHkFVzMk75vgzEDfSYE=","qlFClPG8XW+XgsccY0F3ihyNYO8JJsw+wzh2g8TEUHw=","hmXkiBR797ps5ToXbMMMaA0mJUM8b4B3i5b1i6oeGT4=","ej8YrWnpZ27wUyU5FubwF/OINZEbprEKSipJhEFQnCc=","9ZCGojI2hUqB1SB1NwAgXEi+VKMZ7M46z4n8pgg9Gsg=","fSkVmYigIybN78lWbgLSXbLXtFHrKJk0XHGyaocRLuA=","H8yGVBOVU+LgA+d0i5H3vSpPzdIwmqsZ/Y7h7vrhRQA=","R13CkaN9ODiRP0RsrGGCTO8VTHEIZXnedDaNdwqUeLs=","2PGGrr5BxE+EJtil4jrldWBSVM0ygKdY2sQJPX3Jnr0=","h4mORFa0Wf5cArg//wqk/gySwoCXoJsBTIRdWFPDgWs=","ec41fzi5ZdrTrHWa56D993ooY9fmoE5YGsbjCKv0YaQ=","2c4pCM9ACtvrpIoKRTw3n9LR/Z6QAD1XWqpQ6G8tpZ8=","1dk2e4r0bhAJT11tmnLKlUVBf7t7YF3HZqqAwrPs7cA=","M4x8nnm23t5au44USC7xGfD1UeBoWb0tnGpMJMHBQh0=","tophMu+4JdSQ8lEcj7+2rS5gbKYPuXQwjCHOOz64C6E=","3Xm+/ke7eXZzeGWQyVAArur7iYhq5fZHhVPX7EeSrw8=","Cj13lbcnSGNdxqb+wp0Gls91FHh7B0Hf4kt18VmmJ8Q=","RyJ3dFq/QfvXU+bPpn/WEF13Ny1L9qs9WJiBE5sGN34=","k1+TU+mDP0ZIM6pLmCGcexveSYgm5eUMn5Pr9telOCc=","PYATzh0qMv0NRMYnRrISVL5bAMjL5BkxpRHLexJKkg4=","Hys4UAZnZrAQzqEwuc6rPYgCdMr1dUrW3IyJaefEay4=","9j3zkNWZFTr1m381niBo3+fMzL4CM/HYCqY3k5pIs00=","ovwWSnWbFGXaohiLH7Q1YWsWJWFfd4CTMB15a+ApDms=","0li6S6FTmo6o59O5yF2agqsmIiLmPelFAxWzjf4LUpk=","WuwmDWA+vo/G3FAiN/CYQeZydQKyxIrGRs/S8eFxujs=","EBCRQ4TbNE+W4HVjd798QgAcGYbmQfftOhGcr5MBzk0=","LEvJJ6nVRlGYwLZGYPtJTx0ewGfp0AXAnWlTSu+ZGE4=","4y1L8k1Y4moQJa6iaFDUSErLW0/50hCkAwtRVGyGbOQ=","3yX2HmNpgqg+Nr/auZvHetKQIg4jTKeGKKgPXCu6heI=","8NP2MkDrnPjzFGZSvqgLgSlvonx4pdHD3o2AjFvo7IE=","jok3Day+DbPzOfQIbYMkdM15lYCsxToFblq3ozZNO2Y=","SPqzo+/W1smopt60wna9/JYOfbsozYHwWAh73N4A8W0=","Aj548VR0LfcZFWH2ig46mEOnEcp9MZ/nm8wYhfkzMxc=","woh81ulHjYAqaHcjLFGF+txfJ063H01eFpaw0lXXUKM=","b95jelspeUpsW5yZW/B/ZADKRKoUTHnOzl0msnFpM80=","ly7HO5rk54L0jWHjkcZ3LDoQsO3lUuEPksOPcH1eWHQ=","biLd4/L/CCOECnBrLlRDZYEaT97uy0ELLTy+cansbMg=","Z/bCEHr3phOgGM2ZF0d9Bub8QgIiIa15YjmQg/PDEes=","bJq51cBrd7qeVnFZFGEa98CWrriz/AsH3MOskM8fupc=","QMR9vOB34zuun5t9ODoH1Ldd+ZSwK5fIe7DETiwJAu4=","9kcgtQdoxf8KjI96RUUOZbEj3oBotTBpyzAsubGtfVQ=","DMMJjZOUi/q2XIijBmCRGgp9FG6dvtEKnwwJE+TVSlc=","23T5QOitk397axngk3KGhPyBk5gBo5B8dwhDwr7/pnU=","1kv/vDVA7+mTvtayuHdaPqfwmaasUY523N8X2b8aC+8=","19ypIT2C4SJYTQAd7irE5tvzOy4kJeF8OLw/po4NOt8=","nL3gAZfIdTXCZjd/VHoz26NxW4/oHTZw08wfZYi9bKw=","Hw71HdSdzGnBDSmVXG+Cb7QGFXHXL1LCDE5Cz8dHpRw=","vIyaltqNioozp8S07MmXVSBXvxaEMzjPjBlZOt50BBQ=","9G107BJsF38opbYOiOoxrd7bZBe4KRgkZzswT6QJwfU=","MbmkzjitBmdlZRJroQ82xx12mDknTCUF2sl5uO9voes=","zzQQncFoVu4Ho+ckxFqLsfU0qrrP8mqkB1A1CPuU7tk=","rHeM+xtmSegn57pQho9TQotPFEfcoLsRmQBMrRqU3BM=","6Tl1vLEjEvVE6HXNg0NLWa5vqCsla5mrqmFO8sQL/Yw=","PN6Cf998R0Rlufg1oB/BlhEN3jaA2Rn5rFsGbQ+gxwU=","t0KFHPRi56BzREDQICMdcH3NavWlaeypG4b8JBqjv34=","3uVeE6KGUebMiaLcffxTaBmpevjwIhmUAGQtPKNXNPg=","+B56cKC2lUIQoMQbv8fiBJJqJ+KKQiDgACNtq1NUCZY=","YsyAPRIsAZIccor5VgB8YQDPpN7ADIdQFSWsPNEwPig=","2o9JLmtn4KWOEns8dkqjoxpb7TmAMFfR+aVTfWqct8k=","Ai4AAjpkH5A2umeMLIHEu9DoFM60RDLrLG6BS03Iru0=","6ZTzxuXI6FGZ4lUKKdFQZ4Si7KjTazk6iHm+5RoqiUs=","A13qFNDQQ9lPEj3Nd/ZaPnyMJkS5z5r0ebhGWhZOu0Q=","ZZKKg9j9hqkhNvVetyMeKI0e8pEVyC/tL4yUEnKORno=","sYo5bkq5pblQoR+u5g0IQqCbLWzQ4v1C4RLv8FL8Usc=","J6ku02xhggpT0BIhmXXn77xme5GQFsymy/fl27p2H2Y=","Fl/vlFvVP1RFLG1Q3o7LsrhTlkHLaPUa+tFPNCZhRjk=","lhitf3v/9V645YisJ0BAzhbksdVECaiOZlcxyCkws6Q="],"block_size":4096,"path":"static/js/main.js"}],"version":2}