{"file_hashes":[{"block_hashes":["oLXtbT0VumAK1pIci+dQp/DYuO9sTqV5vpU/KywC7xk=","gZYcY4OcCyjihF0NpmOoJQLSzzF/02jrWMf/t20i9Ro=","8QbMLbFkrh4KMJI6Sf0uTMQp/f0iqr1K1cyuSwXM4xM=","jj9JIVDkkyNblIalKMF0vpZD/prYpihs3qVlC2tduVo=","Pg03VXsf/NG14g6YnwQFOF0W+rYcuQ/7vo7wRp0biUU=","15+/XWACc1DsVkkVo7WRlW9JsiU2iddt6jVFZb5l8VI=","8HrDU5HHxs8/rCHGdmMWxVoTZIrvzHuPn4ZR+lIvJiw=","Y7sYvVCTzDqRa5Q8UNS+p9h2d4pHAXvGddQI1+yFVAs=","e17dEZAShb9v51DMiKY7AZa6Zea0eHrRZrzzbSFfuZQ=","JJ7xpXtH93axVcK5hqadLEBsBSqt4/DoxPRMkdhfNoA=","uwCQSyjKO4+qThyqLur4cYtWLrM96o22caacMN5o3IA=","+4ukmXKMM86DHNhtwekNkP9nRuF39ar72G7RzTVgtSo=","99UzkGxJG35FcM5hKxn2eO6rl3mnUnmecRO/pTqKRSk=","KT8dhhUj3VJSz69l76EAvllU6dSYAMzqj8v3QSwr6TE=","kVujUH5YxZ4Dyf9ycFrbvpKHQMwhf4NwAL88m6RotKM=","ohCM+wlfVDStM96SBYAs6ySqzy0g40yXvy5d+GC7unk=","lJnUI0FgfrN3L5OMSCKatYzY2qjkMQPAhPDfIKNuw3E=","gL23LR5NZDaswatFObM+qu1NTesgUqr+tCzxVO10STM=","byFOauXk4nW9enudoeB1/5cn5jVAa/2PBsa8+YQw+I0=","N98sWXzmMHafEKisweZ4e76VViDhqK3whbbN1h621dc=","MQp9m30uIwdOoF8CKSIPL4eIqwRtMO7tIRYeYn2kmA0=","D5qoD993zmFova9qAPRYzJaBBoqfs3+/bzocfEb7Yx0=","4vyV0oCMA80vfsUQ23X16Jpasb1DEWtXMrsswCpZJo0=","W28kOcFFZXeGOkzWRQI8TqEdCWtIJP4UyTpTdqjgYKI=","6+Hy10FF+ahLk/fHwpUvZS8UTLIxtWxyqtINd/EdczU=","JVtWzkDze/S/NzTSuDQtIS74fVkY8bCKxVJzm0zuKL4=","QgOr0G1lobIOIBeBsvur39Av1pho+Jr6vwIPrl9SvUI=","pNNDyZqhe5TLlnweUpCdSTh1jUtE/tZpZbZO4A4nCDI=","TFhceuEc9sJjInRX5QFs81/RwoVL52fZueRhiBO34kc=","aVP5exBIOYiJABnkTNxQ5NFxFzY0KkEsDLA59+AdVYk=","MJqRVFDxBv2Za6FqfvST+Bc2twRuQLt2QkVS9JfJyqY=","HU/Af7sUnTSTYqslC/Gdkf+BZgHe3q+tgYNqxxpc280=","NDOyExf6mv+sm1FhuoYY66FFML1PkOS02z33x4NjyIc=","o5NVNtfZ7j8NoxQEo0PYGhjFFY9Iyc4gmRv3rc+xRp0=","Mika6mPe0mTFSIvm/aX3EgiP7yqHtvbJO+BuYgp7j6o=","MCWsNA6ibXtjFbeI5XqpALbR8o0dSndktKN0imsscu0=","PfNZIU1axRq7qr7mQzd9SZHnHYTz4OpUseFf8EhbrnA=","8+L8HdwwbMlGP0QBO9pVH0ugFYdXGFXUs32psd2rPAM=","qPtU1SJqDt0GuONardjK+sXhEvPS6oSe3zcy91HuHMc=","d64O1loqSeKBVOTSLppgyPRmKXtyLByE/z+8XnCd38w=","zc0BBiKgu2NVy0RWV5s5MqpOKjSzmfMzmIAiKqI6Kjo=","dDa7A60ZsArFeoywGmK5yKs0U5rpZSCEFLKQS2ZGVz4=","o4xudDq8J1Iz/NioPb2sQVHH4JI2mSu9y/WrejnT6JA=","Rh4XdtbpIG8Og5tKGVpGuyJEtijCm5Vp13LZxY6N/NY=","wnNZrbGpXb+ngZWhtG1jy/FThvjb/xbcoJQ9htWlwLA=","FAiAhvD8Kt0QJ5JwpaLPImS+S7cj5DyJmePSSZBjab8=","tom3k5pxagf5iOWmt5AkpOv5rZNhP6kSkIDa9HPYRL0=","7pWbqD9Wbf2mP/r72nfSumTWK4Mpl+N+OMAl7hBTOT0="],"block_size":4096,"path":"feedly-filtering-and-sorting.js"},{"block_hashes":["bwpidh1wdqF6g1EYDvSgxaXeWlrd32RT5xgwMNkW7Os=","pyn9Ya4W3yd4VRO0zi7P5gM0MLcivgTprab6ro+3V+M="],"block_size":4096,"path":"images/close.png"},{"block_hashes":["eecp1IHEg6EeBje0q2azDjaMobtW7DEe5GR0sp4Ekys=","J4sNS+Ztzv6CqIVPWKSve/UOL2PfKGwaIwSAlCF8tzA=","g1QdkOBddFspMDlyqxT82IKKI4vQLt4JYYv5zQYmj7I="],"block_size":4096,"path":"images/erase.png"},{"block_hashes":["uD1uuU3Xr8MUBv+QAI7lUOwC5yKPbdAirnUuSRtiKwg="],"block_size":4096,"path":"images/filter_clear.png"},{"block_hashes":["+ScNzHKUOSEvgplu3NeF37URRq4Hu/ZC0Nd7jATa83E="],"block_size":4096,"path":"images/move-down.png"},{"block_hashes":["VHV6rUWWayTbsHjMLFHZHyUkw16l4BB0pbMpGQ9hUz4="],"block_size":4096,"path":"images/move-up.png"},{"block_hashes":["ZSFY6hHA76FDaD0RvrnIaiz8tPAIRLgsPojGdgnxEWU="],"block_size":4096,"path":"images/open-in-new-tab.png"},{"block_hashes":["6RJoNRG8s0lrlKbP4DZIbpZ7sRJ5aNu0ulDKgGnhiBw="],"block_size":4096,"path":"images/plus.png"},{"block_hashes":["khvDJYwjq1eC6EQQmpC61S5WZKr1AdO11FdrIXdp5Kg=","Igjt0r8J/kMMUGo81blpOKOWuF8n1zUz7LAQpxmf3ek=","bRrFXn+2vuFIoVIwkrpQZ26/2rfcP1yD1Y5gOH5DgJ0=","YREw3vzC7BveK9Iv+kK0xpMJGWRr+mkS6wgHhsE+NZE=","I56TAiDygZLyMUzQZ6E2/rbEcRi66xDaUHdoyV1enHY=","c8mi3NSUXYlAUrfvtn7I3Kem1YMaF40l6C60e5Goe4k=","jbk+M78RwlczOr8egQBKulpEfaXpdKOnrOox4h03G3Q=","uxg+9tIfyTbulBvc34G52sKmRUYBTYOBJZftVxLlJi8=","7/aI+HPD3OhZjTKbrCftpI0gevsto9VS4ib+w0n40Vg=","Uj6yFjqNcYZw+EfrzgAXF3qtY4Ru10KwFtwxPvgN9pc=","uqrKGYY6miyfDYx+YeyOkAm5hFq//pN5BqNdzyGSnic=","AtbPKK1IxQ7p/iTaMOcGchFU1u4AmebEAC5rQRIiaXs=","D829BU9eDO86ZMDBhhEgu5w4V0ONeCy3H+7ErUyYNm8=","pX+tFWquqEGfqwHQMorIPDTMF6o2T3mzOgAgu/U0T2U=","KCDEq7loEXWDr/AcDrUwkmoPKTMihY9NRbNQp31FWps=","SoCLTxfKO7hV38ukeRtNEWQLC9vdj2TgfIbopXT198o=","KHVl2cqcgJGjAJXOqy2nmP3erYuEBjdqlGvMxjswk80=","vNNZG9bZAbaZCwu9ohyTHXk+7y0/tGk75KTWlA2w+d0=","e6Z/JIupGOnMzMUJSaVl6a3sscPqt8wqMJUuqqgthnk=","yNA/SIFIhoYMtP4ObqQS1to63vvMByJsMKNjDEcxjb0=","A873K0ARFkIz5R6C7yX1fHnj0LWTFCEfwulxJkJm9Lg=","4/up0+yC11xIbjsf3jvatmzzPelinTUwTKpwp65RzUs="],"block_size":4096,"path":"jquery.min.js"},{"block_hashes":["CxOTEEdi9JyUquNad2NPMlG40IcmgBXRv0SGg/okLU8=","4IjNPdbMJ8EVAJ1Wn6JqOEvfedUG52dmmzyF6alePtE=","xB9LLzbVqyQ3a0BczE/qM669xqrUXV2IcPCLi7MVXt8=","THG90hpA8DYewQH78KHAJZx6VbrcExtRpaMIpZaG9E8=","zFyfZeF8sNmXd06B0cclQBkcDekuBQDKkmnRm/SadEI=","L5ACtnVaTn4sT4WOfjwW81WLsOoZUJ9ViivIELgJqKE=","xCx5se7a7iInhSudSpDBbphhtgMpou5cSadhC6sETzM=","TdwgJvGpLvA0V+d3LcukPtBE4ekhadSN/sNYopL4shM=","/r9T8bUwEOdHF0slvN/xbFfe6ZQ8ihNduGpDag3FikU="],"block_size":4096,"path":"jscolor.js"},{"block_hashes":["OlRWIaZ5LD4UKqMHzIJ8Sc0ctSV2pTIgIvgppQRdNUU="],"block_size":4096,"path":"node-creation-observer.js"}],"version":2}